{"__symbolic":"module","version":4,"metadata":{"ɵangular_packages_common_common_a":{"__symbolic":"new","expression":{"__symbolic":"reference","module":"@angular/core","name":"InjectionToken","line":15,"character":40},"arguments":["UseV4Plurals"]},"ɵangular_packages_common_common_b":{"__symbolic":"function"},"ɵangular_packages_common_common_c":[{"__symbolic":"reference","name":"NgClass"},{"__symbolic":"reference","name":"NgComponentOutlet"},{"__symbolic":"reference","name":"NgForOf"},{"__symbolic":"reference","name":"NgIf"},{"__symbolic":"reference","name":"NgTemplateOutlet"},{"__symbolic":"reference","name":"NgStyle"},{"__symbolic":"reference","name":"NgSwitch"},{"__symbolic":"reference","name":"NgSwitchCase"},{"__symbolic":"reference","name":"NgSwitchDefault"},{"__symbolic":"reference","name":"NgPlural"},{"__symbolic":"reference","name":"NgPluralCase"}],"ɵangular_packages_common_common_d":[{"__symbolic":"reference","name":"AsyncPipe"},{"__symbolic":"reference","name":"UpperCasePipe"},{"__symbolic":"reference","name":"LowerCasePipe"},{"__symbolic":"reference","name":"JsonPipe"},{"__symbolic":"reference","name":"SlicePipe"},{"__symbolic":"reference","name":"DecimalPipe"},{"__symbolic":"reference","name":"PercentPipe"},{"__symbolic":"reference","name":"TitleCasePipe"},{"__symbolic":"reference","name":"CurrencyPipe"},{"__symbolic":"reference","name":"DatePipe"},{"__symbolic":"reference","name":"I18nPluralPipe"},{"__symbolic":"reference","name":"I18nSelectPipe"},{"__symbolic":"reference","name":"KeyValuePipe"}],"ɵangular_packages_common_common_e":[{"__symbolic":"reference","name":"DeprecatedDecimalPipe"},{"__symbolic":"reference","name":"DeprecatedPercentPipe"},{"__symbolic":"reference","name":"DeprecatedCurrencyPipe"},{"__symbolic":"reference","name":"DeprecatedDatePipe"}],"ɵangular_packages_common_common_f":{"__symbolic":"class","decorators":[{"__symbolic":"call","expression":{"__symbolic":"reference","module":"@angular/core","name":"Injectable","line":151,"character":1}}],"members":{"getValue":[{"__symbolic":"method"}],"setClass":[{"__symbolic":"method"}],"setNgClass":[{"__symbolic":"method"}],"applyChanges":[{"__symbolic":"method"}]}},"ɵangular_packages_common_common_g":{"provide":{"__symbolic":"reference","name":"ɵNgClassImpl"},"useClass":{"__symbolic":"reference","name":"ɵNgClassR2Impl"}},"ɵangular_packages_common_common_h":{"__symbolic":"reference","name":"ɵangular_packages_common_common_g"},"ɵangular_packages_common_common_i":{"__symbolic":"class","decorators":[{"__symbolic":"call","expression":{"__symbolic":"reference","module":"@angular/core","name":"Injectable","line":82,"character":1}}],"members":{"getValue":[{"__symbolic":"method"}],"setNgStyle":[{"__symbolic":"method"}],"applyChanges":[{"__symbolic":"method"}]}},"ɵangular_packages_common_common_j":{"provide":{"__symbolic":"reference","name":"ɵNgStyleImpl"},"useClass":{"__symbolic":"reference","name":"ɵNgStyleR2Impl"}},"ɵangular_packages_common_common_k":{"__symbolic":"reference","name":"ɵangular_packages_common_common_j"},"PlatformLocation":{"__symbolic":"class","members":{"getBaseHrefFromDOM":[{"__symbolic":"method"}],"getState":[{"__symbolic":"method"}],"onPopState":[{"__symbolic":"method"}],"onHashChange":[{"__symbolic":"method"}],"replaceState":[{"__symbolic":"method"}],"pushState":[{"__symbolic":"method"}],"forward":[{"__symbolic":"method"}],"back":[{"__symbolic":"method"}]}},"LOCATION_INITIALIZED":{"__symbolic":"new","expression":{"__symbolic":"reference","module":"@angular/core","name":"InjectionToken","line":60,"character":40},"arguments":["Location Initialized"]},"LocationChangeEvent":{"__symbolic":"interface"},"LocationChangeListener":{"__symbolic":"interface"},"LocationStrategy":{"__symbolic":"class","members":{"path":[{"__symbolic":"method"}],"prepareExternalUrl":[{"__symbolic":"method"}],"pushState":[{"__symbolic":"method"}],"replaceState":[{"__symbolic":"method"}],"forward":[{"__symbolic":"method"}],"back":[{"__symbolic":"method"}],"onPopState":[{"__symbolic":"method"}],"getBaseHref":[{"__symbolic":"method"}]}},"APP_BASE_HREF":{"__symbolic":"new","expression":{"__symbolic":"reference","module":"@angular/core","name":"InjectionToken","line":63,"character":33},"arguments":["appBaseHref"]},"HashLocationStrategy":{"__symbolic":"class","extends":{"__symbolic":"reference","name":"LocationStrategy"},"decorators":[{"__symbolic":"call","expression":{"__symbolic":"reference","module":"@angular/core","name":"Injectable","line":35,"character":1}}],"members":{"__ctor__":[{"__symbolic":"constructor","parameterDecorators":[null,[{"__symbolic":"call","expression":{"__symbolic":"reference","module":"@angular/core","name":"Optional","line":40,"character":7}},{"__symbolic":"call","expression":{"__symbolic":"reference","module":"@angular/core","name":"Inject","line":40,"character":19},"arguments":[{"__symbolic":"reference","name":"APP_BASE_HREF"}]}]],"parameters":[{"__symbolic":"reference","name":"PlatformLocation"},{"__symbolic":"reference","name":"string"}]}],"onPopState":[{"__symbolic":"method"}],"getBaseHref":[{"__symbolic":"method"}],"path":[{"__symbolic":"method"}],"prepareExternalUrl":[{"__symbolic":"method"}],"pushState":[{"__symbolic":"method"}],"replaceState":[{"__symbolic":"method"}],"forward":[{"__symbolic":"method"}],"back":[{"__symbolic":"method"}]}},"PathLocationStrategy":{"__symbolic":"class","extends":{"__symbolic":"reference","name":"LocationStrategy"},"decorators":[{"__symbolic":"call","expression":{"__symbolic":"reference","module":"@angular/core","name":"Injectable","line":44,"character":1}}],"members":{"__ctor__":[{"__symbolic":"constructor","parameterDecorators":[null,[{"__symbolic":"call","expression":{"__symbolic":"reference","module":"@angular/core","name":"Optional","line":50,"character":7}},{"__symbolic":"call","expression":{"__symbolic":"reference","module":"@angular/core","name":"Inject","line":50,"character":19},"arguments":[{"__symbolic":"reference","name":"APP_BASE_HREF"}]}]],"parameters":[{"__symbolic":"reference","name":"PlatformLocation"},{"__symbolic":"reference","name":"string"}]}],"onPopState":[{"__symbolic":"method"}],"getBaseHref":[{"__symbolic":"method"}],"prepareExternalUrl":[{"__symbolic":"method"}],"path":[{"__symbolic":"method"}],"pushState":[{"__symbolic":"method"}],"replaceState":[{"__symbolic":"method"}],"forward":[{"__symbolic":"method"}],"back":[{"__symbolic":"method"}]}},"PopStateEvent":{"__symbolic":"interface"},"Location":{"__symbolic":"class","decorators":[{"__symbolic":"call","expression":{"__symbolic":"reference","module":"@angular/core","name":"Injectable","line":50,"character":1}}],"members":{"__ctor__":[{"__symbolic":"constructor","parameters":[{"__symbolic":"reference","name":"LocationStrategy"},{"__symbolic":"reference","name":"PlatformLocation"}]}],"path":[{"__symbolic":"method"}],"getState":[{"__symbolic":"method"}],"isCurrentPathEqualTo":[{"__symbolic":"method"}],"normalize":[{"__symbolic":"method"}],"prepareExternalUrl":[{"__symbolic":"method"}],"go":[{"__symbolic":"method"}],"replaceState":[{"__symbolic":"method"}],"forward":[{"__symbolic":"method"}],"back":[{"__symbolic":"method"}],"onUrlChange":[{"__symbolic":"method"}],"_notifyUrlChangeListeners":[{"__symbolic":"method"}],"subscribe":[{"__symbolic":"method"}]},"statics":{"normalizeQueryParams":{"__symbolic":"function","parameters":["params"],"value":{"__symbolic":"if","condition":{"__symbolic":"binop","operator":"&&","left":{"__symbolic":"reference","name":"params"},"right":{"__symbolic":"binop","operator":"!==","left":{"__symbolic":"index","expression":{"__symbolic":"reference","name":"params"},"index":0},"right":"?"}},"thenExpression":{"__symbolic":"binop","operator":"+","left":"?","right":{"__symbolic":"reference","name":"params"}},"elseExpression":{"__symbolic":"reference","name":"params"}}}}},"formatDate":{"__symbolic":"function"},"formatCurrency":{"__symbolic":"function"},"formatNumber":{"__symbolic":"function"},"formatPercent":{"__symbolic":"function"},"NgLocaleLocalization":{"__symbolic":"class","extends":{"__symbolic":"reference","name":"NgLocalization"},"decorators":[{"__symbolic":"call","expression":{"__symbolic":"reference","module":"@angular/core","name":"Injectable","line":56,"character":1}}],"members":{"__ctor__":[{"__symbolic":"constructor","parameterDecorators":[[{"__symbolic":"call","expression":{"__symbolic":"reference","module":"@angular/core","name":"Inject","line":59,"character":7},"arguments":[{"__symbolic":"reference","module":"@angular/core","name":"LOCALE_ID","line":59,"character":14}]}],[{"__symbolic":"call","expression":{"__symbolic":"reference","module":"@angular/core","name":"Optional","line":61,"character":7}},{"__symbolic":"call","expression":{"__symbolic":"reference","module":"@angular/core","name":"Inject","line":61,"character":19},"arguments":[{"__symbolic":"reference","name":"ɵangular_packages_common_common_a"}]}]],"parameters":[{"__symbolic":"reference","name":"string"},{"__symbolic":"error","message":"Expression form not supported","line":62,"character":10,"module":"./common"}]}],"getPluralCategory":[{"__symbolic":"method"}]}},"NgLocalization":{"__symbolic":"class","members":{"getPluralCategory":[{"__symbolic":"method"}]}},"registerLocaleData":{"__symbolic":"function"},"Plural":{"Zero":0,"One":1,"Two":2,"Few":3,"Many":4,"Other":5},"NumberFormatStyle":{"Decimal":0,"Percent":1,"Currency":2,"Scientific":3},"FormStyle":{"Format":0,"Standalone":1},"Time":{"__symbolic":"interface"},"TranslationWidth":{"Narrow":0,"Abbreviated":1,"Wide":2,"Short":3},"FormatWidth":{"Short":0,"Medium":1,"Long":2,"Full":3},"NumberSymbol":{"Decimal":0,"Group":1,"List":2,"PercentSign":3,"PlusSign":4,"MinusSign":5,"Exponential":6,"SuperscriptingExponent":7,"PerMille":8,"Infinity":9,"NaN":10,"TimeSeparator":11,"CurrencyDecimal":12,"CurrencyGroup":13},"WeekDay":{"Sunday":0,"Monday":1,"Tuesday":2,"Wednesday":3,"Thursday":4,"Friday":5,"Saturday":6},"getNumberOfCurrencyDigits":{"__symbolic":"function"},"getCurrencySymbol":{"__symbolic":"function"},"getLocaleDayPeriods":{"__symbolic":"function"},"getLocaleDayNames":{"__symbolic":"function"},"getLocaleMonthNames":{"__symbolic":"function"},"getLocaleId":{"__symbolic":"function","parameters":["locale"],"value":{"__symbolic":"index","expression":{"__symbolic":"call","expression":{"__symbolic":"reference","module":"@angular/core","name":"ɵfindLocaleData","line":219,"character":9},"arguments":[{"__symbolic":"reference","name":"locale"}]},"index":{"__symbolic":"select","expression":{"__symbolic":"reference","module":"@angular/core","name":"ɵLocaleDataIndex","line":219,"character":32},"member":"LocaleId"}}},"getLocaleEraNames":{"__symbolic":"function"},"getLocaleWeekEndRange":{"__symbolic":"function"},"getLocaleFirstDayOfWeek":{"__symbolic":"function"},"getLocaleDateFormat":{"__symbolic":"function"},"getLocaleDateTimeFormat":{"__symbolic":"function"},"getLocaleExtraDayPeriodRules":{"__symbolic":"function"},"getLocaleExtraDayPeriods":{"__symbolic":"function"},"getLocaleTimeFormat":{"__symbolic":"function"},"getLocaleNumberSymbol":{"__symbolic":"function"},"getLocaleNumberFormat":{"__symbolic":"function"},"getLocaleCurrencyName":{"__symbolic":"function"},"getLocaleCurrencySymbol":{"__symbolic":"function"},"ɵparseCookieValue":{"__symbolic":"function"},"CommonModule":{"__symbolic":"class","decorators":[{"__symbolic":"call","expression":{"__symbolic":"reference","module":"@angular/core","name":"NgModule","line":30,"character":1},"arguments":[{"declarations":[{"__symbolic":"reference","name":"ɵangular_packages_common_common_c"},{"__symbolic":"reference","name":"ɵangular_packages_common_common_d"}],"exports":[{"__symbolic":"reference","name":"ɵangular_packages_common_common_c"},{"__symbolic":"reference","name":"ɵangular_packages_common_common_d"}],"providers":[{"provide":{"__symbolic":"reference","name":"NgLocalization"},"useClass":{"__symbolic":"reference","name":"NgLocaleLocalization"}}]}]}],"members":{}},"DeprecatedI18NPipesModule":{"__symbolic":"class","decorators":[{"__symbolic":"call","expression":{"__symbolic":"reference","module":"@angular/core","name":"NgModule","line":46,"character":1},"arguments":[{"declarations":[{"__symbolic":"reference","name":"ɵangular_packages_common_common_e"}],"exports":[{"__symbolic":"reference","name":"ɵangular_packages_common_common_e"}],"providers":[{"provide":{"__symbolic":"reference","name":"ɵangular_packages_common_common_a"},"useValue":{"__symbolic":"reference","name":"ɵangular_packages_common_common_b"}}]}]}],"members":{}},"NgClass":{"__symbolic":"class","extends":{"__symbolic":"reference","name":"NgClassBase"},"decorators":[{"__symbolic":"call","expression":{"__symbolic":"reference","module":"@angular/core","name":"Directive","line":98,"character":1},"arguments":[{"selector":"[ngClass]","providers":[{"__symbolic":"reference","name":"ɵangular_packages_common_common_h"}]}]}],"members":{"__ctor__":[{"__symbolic":"constructor","parameters":[{"__symbolic":"reference","name":"ɵNgClassImpl"}]}],"klass":[{"__symbolic":"property","decorators":[{"__symbolic":"call","expression":{"__symbolic":"reference","module":"@angular/core","name":"Input","line":102,"character":3},"arguments":["class"]}]}],"ngClass":[{"__symbolic":"property","decorators":[{"__symbolic":"call","expression":{"__symbolic":"reference","module":"@angular/core","name":"Input","line":105,"character":3},"arguments":["ngClass"]}]}],"ngDoCheck":[{"__symbolic":"method"}]}},"NgClassBase":{"__symbolic":"class","members":{"__ctor__":[{"__symbolic":"constructor","parameters":[{"__symbolic":"reference","name":"ɵNgClassImpl"}]}],"getValue":[{"__symbolic":"method"}]},"statics":{"ngDirectiveDef":{"__symbolic":"reference","name":"ngClassDirectiveDef"}}},"NgForOf":{"__symbolic":"class","arity":1,"decorators":[{"__symbolic":"call","expression":{"__symbolic":"reference","module":"@angular/core","name":"Directive","line":124,"character":1},"arguments":[{"selector":"[ngFor][ngForOf]"}]}],"members":{"ngForOf":[{"__symbolic":"property","decorators":[{"__symbolic":"call","expression":{"__symbolic":"reference","module":"@angular/core","name":"Input","line":130,"character":3}}]}],"ngForTrackBy":[{"__symbolic":"property","decorators":[{"__symbolic":"call","expression":{"__symbolic":"reference","module":"@angular/core","name":"Input","line":152,"character":3}}]}],"__ctor__":[{"__symbolic":"constructor","parameters":[{"__symbolic":"reference","module":"@angular/core","name":"ViewContainerRef","line":175,"character":30},{"__symbolic":"reference","name":"TemplateRef","module":"@angular/core","arguments":[{"__symbolic":"reference","name":"NgForOfContext"}]},{"__symbolic":"reference","module":"@angular/core","name":"IterableDiffers","line":176,"character":24}]}],"ngForTemplate":[{"__symbolic":"property","decorators":[{"__symbolic":"call","expression":{"__symbolic":"reference","module":"@angular/core","name":"Input","line":182,"character":3}}]}],"ngDoCheck":[{"__symbolic":"method"}],"_applyChanges":[{"__symbolic":"method"}],"_perViewChange":[{"__symbolic":"method"}]},"statics":{"ngTemplateContextGuard":{"__symbolic":"function","parameters":["dir","ctx"],"value":true}}},"NgForOfContext":{"__symbolic":"class","arity":1,"members":{"__ctor__":[{"__symbolic":"constructor","parameters":[{"__symbolic":"error","message":"Could not resolve type","line":15,"character":24,"context":{"typeName":"T"},"module":"./common"},{"__symbolic":"reference","name":"NgIterable","module":"@angular/core","arguments":[{"__symbolic":"error","message":"Could not resolve type","line":15,"character":54,"context":{"typeName":"T"},"module":"./common"}]},{"__symbolic":"reference","name":"number"},{"__symbolic":"reference","name":"number"}]}]}},"NgIf":{"__symbolic":"class","decorators":[{"__symbolic":"call","expression":{"__symbolic":"reference","module":"@angular/core","name":"Directive","line":150,"character":1},"arguments":[{"selector":"[ngIf]"}]}],"members":{"__ctor__":[{"__symbolic":"constructor","parameters":[{"__symbolic":"reference","module":"@angular/core","name":"ViewContainerRef","line":158,"character":38},{"__symbolic":"reference","name":"TemplateRef","module":"@angular/core","arguments":[{"__symbolic":"reference","name":"NgIfContext"}]}]}],"ngIf":[{"__symbolic":"property","decorators":[{"__symbolic":"call","expression":{"__symbolic":"reference","module":"@angular/core","name":"Input","line":165,"character":3}}]}],"ngIfThen":[{"__symbolic":"property","decorators":[{"__symbolic":"call","expression":{"__symbolic":"reference","module":"@angular/core","name":"Input","line":174,"character":3}}]}],"ngIfElse":[{"__symbolic":"property","decorators":[{"__symbolic":"call","expression":{"__symbolic":"reference","module":"@angular/core","name":"Input","line":185,"character":3}}]}],"_updateView":[{"__symbolic":"method"}]},"statics":{"ngIfUseIfTypeGuard":{"__symbolic":"error","message":"Variable not initialized","line":216,"character":16},"ngTemplateGuard_ngIf":{"__symbolic":"error","message":"Variable not initialized","line":226,"character":9}}},"NgIfContext":{"__symbolic":"class","members":{}},"NgPlural":{"__symbolic":"class","decorators":[{"__symbolic":"call","expression":{"__symbolic":"reference","module":"@angular/core","name":"Directive","line":46,"character":1},"arguments":[{"selector":"[ngPlural]"}]}],"members":{"__ctor__":[{"__symbolic":"constructor","parameters":[{"__symbolic":"reference","name":"NgLocalization"}]}],"ngPlural":[{"__symbolic":"property","decorators":[{"__symbolic":"call","expression":{"__symbolic":"reference","module":"@angular/core","name":"Input","line":56,"character":3}}]}],"addCase":[{"__symbolic":"method"}],"_updateView":[{"__symbolic":"method"}],"_clearViews":[{"__symbolic":"method"}],"_activateView":[{"__symbolic":"method"}]}},"NgPluralCase":{"__symbolic":"class","decorators":[{"__symbolic":"call","expression":{"__symbolic":"reference","module":"@angular/core","name":"Directive","line":104,"character":1},"arguments":[{"selector":"[ngPluralCase]"}]}],"members":{"__ctor__":[{"__symbolic":"constructor","parameterDecorators":[[{"__symbolic":"call","expression":{"__symbolic":"reference","module":"@angular/core","name":"Attribute","line":107,"character":7},"arguments":["ngPluralCase"]}],null,null,[{"__symbolic":"call","expression":{"__symbolic":"reference","module":"@angular/core","name":"Host","line":108,"character":40}}]],"parameters":[{"__symbolic":"reference","name":"string"},{"__symbolic":"reference","name":"TemplateRef","module":"@angular/core","arguments":[{"__symbolic":"reference","name":"Object"}]},{"__symbolic":"reference","module":"@angular/core","name":"ViewContainerRef","line":108,"character":21},{"__symbolic":"reference","name":"NgPlural"}]}]}},"NgStyle":{"__symbolic":"class","extends":{"__symbolic":"reference","name":"NgStyleBase"},"decorators":[{"__symbolic":"call","expression":{"__symbolic":"reference","module":"@angular/core","name":"Directive","line":106,"character":1},"arguments":[{"selector":"[ngStyle]","providers":[{"__symbolic":"reference","name":"ɵangular_packages_common_common_k"}]}]}],"members":{"__ctor__":[{"__symbolic":"constructor","parameters":[{"__symbolic":"reference","name":"ɵNgStyleImpl"}]}],"ngStyle":[{"__symbolic":"property","decorators":[{"__symbolic":"call","expression":{"__symbolic":"reference","module":"@angular/core","name":"Input","line":110,"character":3},"arguments":["ngStyle"]}]}],"ngDoCheck":[{"__symbolic":"method"}]}},"NgStyleBase":{"__symbolic":"class","members":{"__ctor__":[{"__symbolic":"constructor","parameters":[{"__symbolic":"reference","name":"ɵNgStyleImpl"}]}],"getValue":[{"__symbolic":"method"}]},"statics":{"ngDirectiveDef":{"__symbolic":"reference","name":"ngStyleDirectiveDef"}}},"NgSwitch":{"__symbolic":"class","decorators":[{"__symbolic":"call","expression":{"__symbolic":"reference","module":"@angular/core","name":"Directive","line":103,"character":1},"arguments":[{"selector":"[ngSwitch]"}]}],"members":{"ngSwitch":[{"__symbolic":"property","decorators":[{"__symbolic":"call","expression":{"__symbolic":"reference","module":"@angular/core","name":"Input","line":113,"character":3}}]}],"_addCase":[{"__symbolic":"method"}],"_addDefault":[{"__symbolic":"method"}],"_matchCase":[{"__symbolic":"method"}],"_updateDefaultCases":[{"__symbolic":"method"}]}},"NgSwitchCase":{"__symbolic":"class","decorators":[{"__symbolic":"call","expression":{"__symbolic":"reference","module":"@angular/core","name":"Directive","line":189,"character":1},"arguments":[{"selector":"[ngSwitchCase]"}]}],"members":{"ngSwitchCase":[{"__symbolic":"property","decorators":[{"__symbolic":"call","expression":{"__symbolic":"reference","module":"@angular/core","name":"Input","line":195,"character":3}}]}],"__ctor__":[{"__symbolic":"constructor","parameterDecorators":[null,null,[{"__symbolic":"call","expression":{"__symbolic":"reference","module":"@angular/core","name":"Host","line":200,"character":7}}]],"parameters":[{"__symbolic":"reference","module":"@angular/core","name":"ViewContainerRef","line":14,"character":33},{"__symbolic":"reference","name":"TemplateRef","module":"@angular/core","arguments":[{"__symbolic":"reference","name":"Object"}]},{"__symbolic":"reference","name":"NgSwitch"}]}],"ngDoCheck":[{"__symbolic":"method"}]}},"NgSwitchDefault":{"__symbolic":"class","decorators":[{"__symbolic":"call","expression":{"__symbolic":"reference","module":"@angular/core","name":"Directive","line":225,"character":1},"arguments":[{"selector":"[ngSwitchDefault]"}]}],"members":{"__ctor__":[{"__symbolic":"constructor","parameterDecorators":[null,null,[{"__symbolic":"call","expression":{"__symbolic":"reference","module":"@angular/core","name":"Host","line":229,"character":7}}]],"parameters":[{"__symbolic":"reference","module":"@angular/core","name":"ViewContainerRef","line":14,"character":33},{"__symbolic":"reference","name":"TemplateRef","module":"@angular/core","arguments":[{"__symbolic":"reference","name":"Object"}]},{"__symbolic":"reference","name":"NgSwitch"}]}]}},"NgTemplateOutlet":{"__symbolic":"class","decorators":[{"__symbolic":"call","expression":{"__symbolic":"reference","module":"@angular/core","name":"Directive","line":34,"character":1},"arguments":[{"selector":"[ngTemplateOutlet]"}]}],"members":{"ngTemplateOutletContext":[{"__symbolic":"property","decorators":[{"__symbolic":"call","expression":{"__symbolic":"reference","module":"@angular/core","name":"Input","line":44,"character":3}}]}],"ngTemplateOutlet":[{"__symbolic":"property","decorators":[{"__symbolic":"call","expression":{"__symbolic":"reference","module":"@angular/core","name":"Input","line":49,"character":3}}]}],"__ctor__":[{"__symbolic":"constructor","parameters":[{"__symbolic":"reference","module":"@angular/core","name":"ViewContainerRef","line":51,"character":41}]}],"ngOnChanges":[{"__symbolic":"method"}],"_shouldRecreateView":[{"__symbolic":"method"}],"_hasContextShapeChanged":[{"__symbolic":"method"}],"_updateExistingContext":[{"__symbolic":"method"}]}},"NgComponentOutlet":{"__symbolic":"class","decorators":[{"__symbolic":"call","expression":{"__symbolic":"reference","module":"@angular/core","name":"Directive","line":66,"character":1},"arguments":[{"selector":"[ngComponentOutlet]"}]}],"members":{"ngComponentOutlet":[{"__symbolic":"property","decorators":[{"__symbolic":"call","expression":{"__symbolic":"reference","module":"@angular/core","name":"Input","line":69,"character":3}}]}],"ngComponentOutletInjector":[{"__symbolic":"property","decorators":[{"__symbolic":"call","expression":{"__symbolic":"reference","module":"@angular/core","name":"Input","line":71,"character":3}}]}],"ngComponentOutletContent":[{"__symbolic":"property","decorators":[{"__symbolic":"call","expression":{"__symbolic":"reference","module":"@angular/core","name":"Input","line":73,"character":3}}]}],"ngComponentOutletNgModuleFactory":[{"__symbolic":"property","decorators":[{"__symbolic":"call","expression":{"__symbolic":"reference","module":"@angular/core","name":"Input","line":75,"character":3}}]}],"__ctor__":[{"__symbolic":"constructor","parameters":[{"__symbolic":"reference","module":"@angular/core","name":"ViewContainerRef","line":80,"character":41}]}],"ngOnChanges":[{"__symbolic":"method"}],"ngOnDestroy":[{"__symbolic":"method"}]}},"DOCUMENT":{"__symbolic":"new","expression":{"__symbolic":"reference","module":"@angular/core","name":"InjectionToken","line":18,"character":28},"arguments":["DocumentToken"]},"AsyncPipe":{"__symbolic":"class","decorators":[{"__symbolic":"call","expression":{"__symbolic":"reference","module":"@angular/core","name":"Injectable","line":69,"character":1}},{"__symbolic":"call","expression":{"__symbolic":"reference","module":"@angular/core","name":"Pipe","line":70,"character":1},"arguments":[{"name":"async","pure":false}]}],"members":{"__ctor__":[{"__symbolic":"constructor","parameters":[{"__symbolic":"reference","module":"@angular/core","name":"ChangeDetectorRef","line":79,"character":28}]}],"ngOnDestroy":[{"__symbolic":"method"}],"transform":[{"__symbolic":"method"},{"__symbolic":"method"},{"__symbolic":"method"},{"__symbolic":"method"},{"__symbolic":"method"}],"_subscribe":[{"__symbolic":"method"}],"_selectStrategy":[{"__symbolic":"method"}],"_dispose":[{"__symbolic":"method"}],"_updateLatestValue":[{"__symbolic":"method"}]}},"DatePipe":{"__symbolic":"class","decorators":[{"__symbolic":"call","expression":{"__symbolic":"reference","module":"@angular/core","name":"Injectable","line":152,"character":1}},{"__symbolic":"call","expression":{"__symbolic":"reference","module":"@angular/core","name":"Pipe","line":153,"character":1},"arguments":[{"name":"date","pure":true}]}],"members":{"__ctor__":[{"__symbolic":"constructor","parameterDecorators":[[{"__symbolic":"call","expression":{"__symbolic":"reference","module":"@angular/core","name":"Inject","line":155,"character":15},"arguments":[{"__symbolic":"reference","module":"@angular/core","name":"LOCALE_ID","line":155,"character":22}]}]],"parameters":[{"__symbolic":"reference","name":"string"}]}],"transform":[{"__symbolic":"method"}]}},"I18nPluralPipe":{"__symbolic":"class","decorators":[{"__symbolic":"call","expression":{"__symbolic":"reference","module":"@angular/core","name":"Injectable","line":28,"character":1}},{"__symbolic":"call","expression":{"__symbolic":"reference","module":"@angular/core","name":"Pipe","line":29,"character":1},"arguments":[{"name":"i18nPlural","pure":true}]}],"members":{"__ctor__":[{"__symbolic":"constructor","parameters":[{"__symbolic":"reference","name":"NgLocalization"}]}],"transform":[{"__symbolic":"method"}]}},"I18nSelectPipe":{"__symbolic":"class","decorators":[{"__symbolic":"call","expression":{"__symbolic":"reference","module":"@angular/core","name":"Injectable","line":28,"character":1}},{"__symbolic":"call","expression":{"__symbolic":"reference","module":"@angular/core","name":"Pipe","line":29,"character":1},"arguments":[{"name":"i18nSelect","pure":true}]}],"members":{"transform":[{"__symbolic":"method"}]}},"JsonPipe":{"__symbolic":"class","decorators":[{"__symbolic":"call","expression":{"__symbolic":"reference","module":"@angular/core","name":"Injectable","line":25,"character":1}},{"__symbolic":"call","expression":{"__symbolic":"reference","module":"@angular/core","name":"Pipe","line":26,"character":1},"arguments":[{"name":"json","pure":false}]}],"members":{"transform":[{"__symbolic":"method"}]}},"LowerCasePipe":{"__symbolic":"class","decorators":[{"__symbolic":"call","expression":{"__symbolic":"reference","module":"@angular/core","name":"Injectable","line":26,"character":1}},{"__symbolic":"call","expression":{"__symbolic":"reference","module":"@angular/core","name":"Pipe","line":27,"character":1},"arguments":[{"name":"lowercase"}]}],"members":{"transform":[{"__symbolic":"method"}]}},"CurrencyPipe":{"__symbolic":"class","decorators":[{"__symbolic":"call","expression":{"__symbolic":"reference","module":"@angular/core","name":"Injectable","line":157,"character":1}},{"__symbolic":"call","expression":{"__symbolic":"reference","module":"@angular/core","name":"Pipe","line":158,"character":1},"arguments":[{"name":"currency"}]}],"members":{"__ctor__":[{"__symbolic":"constructor","parameterDecorators":[[{"__symbolic":"call","expression":{"__symbolic":"reference","module":"@angular/core","name":"Inject","line":160,"character":15},"arguments":[{"__symbolic":"reference","module":"@angular/core","name":"LOCALE_ID","line":160,"character":22}]}]],"parameters":[{"__symbolic":"reference","name":"string"}]}],"transform":[{"__symbolic":"method"}]}},"DecimalPipe":{"__symbolic":"class","decorators":[{"__symbolic":"call","expression":{"__symbolic":"reference","module":"@angular/core","name":"Injectable","line":48,"character":1}},{"__symbolic":"call","expression":{"__symbolic":"reference","module":"@angular/core","name":"Pipe","line":49,"character":1},"arguments":[{"name":"number"}]}],"members":{"__ctor__":[{"__symbolic":"constructor","parameterDecorators":[[{"__symbolic":"call","expression":{"__symbolic":"reference","module":"@angular/core","name":"Inject","line":51,"character":15},"arguments":[{"__symbolic":"reference","module":"@angular/core","name":"LOCALE_ID","line":51,"character":22}]}]],"parameters":[{"__symbolic":"reference","name":"string"}]}],"transform":[{"__symbolic":"method"}]}},"PercentPipe":{"__symbolic":"class","decorators":[{"__symbolic":"call","expression":{"__symbolic":"reference","module":"@angular/core","name":"Injectable","line":102,"character":1}},{"__symbolic":"call","expression":{"__symbolic":"reference","module":"@angular/core","name":"Pipe","line":103,"character":1},"arguments":[{"name":"percent"}]}],"members":{"__ctor__":[{"__symbolic":"constructor","parameterDecorators":[[{"__symbolic":"call","expression":{"__symbolic":"reference","module":"@angular/core","name":"Inject","line":105,"character":15},"arguments":[{"__symbolic":"reference","module":"@angular/core","name":"LOCALE_ID","line":105,"character":22}]}]],"parameters":[{"__symbolic":"reference","name":"string"}]}],"transform":[{"__symbolic":"method"}]}},"SlicePipe":{"__symbolic":"class","decorators":[{"__symbolic":"call","expression":{"__symbolic":"reference","module":"@angular/core","name":"Injectable","line":46,"character":1}},{"__symbolic":"call","expression":{"__symbolic":"reference","module":"@angular/core","name":"Pipe","line":47,"character":1},"arguments":[{"name":"slice","pure":false}]}],"members":{"transform":[{"__symbolic":"method"},{"__symbolic":"method"},{"__symbolic":"method"},{"__symbolic":"method"},{"__symbolic":"method"}],"supports":[{"__symbolic":"method"}]}},"UpperCasePipe":{"__symbolic":"class","decorators":[{"__symbolic":"call","expression":{"__symbolic":"reference","module":"@angular/core","name":"Injectable","line":95,"character":1}},{"__symbolic":"call","expression":{"__symbolic":"reference","module":"@angular/core","name":"Pipe","line":96,"character":1},"arguments":[{"name":"uppercase"}]}],"members":{"transform":[{"__symbolic":"method"}]}},"TitleCasePipe":{"__symbolic":"class","decorators":[{"__symbolic":"call","expression":{"__symbolic":"reference","module":"@angular/core","name":"Injectable","line":70,"character":1}},{"__symbolic":"call","expression":{"__symbolic":"reference","module":"@angular/core","name":"Pipe","line":71,"character":1},"arguments":[{"name":"titlecase"}]}],"members":{"transform":[{"__symbolic":"method"}]}},"KeyValuePipe":{"__symbolic":"class","decorators":[{"__symbolic":"call","expression":{"__symbolic":"reference","module":"@angular/core","name":"Injectable","line":45,"character":1}},{"__symbolic":"call","expression":{"__symbolic":"reference","module":"@angular/core","name":"Pipe","line":46,"character":1},"arguments":[{"name":"keyvalue","pure":false}]}],"members":{"__ctor__":[{"__symbolic":"constructor","parameters":[{"__symbolic":"reference","module":"@angular/core","name":"KeyValueDiffers","line":48,"character":40}]}],"transform":[{"__symbolic":"method"},{"__symbolic":"method"},{"__symbolic":"method"},{"__symbolic":"method"},{"__symbolic":"method"}]}},"KeyValue":{"__symbolic":"interface"},"DeprecatedDatePipe":{"__symbolic":"class","decorators":[{"__symbolic":"call","expression":{"__symbolic":"reference","module":"@angular/core","name":"Pipe","line":77,"character":1},"arguments":[{"name":"date","pure":true}]}],"members":{"__ctor__":[{"__symbolic":"constructor","parameterDecorators":[[{"__symbolic":"call","expression":{"__symbolic":"reference","module":"@angular/core","name":"Inject","line":91,"character":15},"arguments":[{"__symbolic":"reference","module":"@angular/core","name":"LOCALE_ID","line":91,"character":22}]}]],"parameters":[{"__symbolic":"reference","name":"string"}]}],"transform":[{"__symbolic":"method"}]},"statics":{"_ALIASES":{"medium":"yMMMdjms","short":"yMdjm","fullDate":"yMMMMEEEEd","longDate":"yMMMMd","mediumDate":"yMMMd","shortDate":"yMd","mediumTime":"jms","shortTime":"jm","$quoted$":["medium","short","fullDate","longDate","mediumDate","shortDate","mediumTime","shortTime"]}}},"DeprecatedCurrencyPipe":{"__symbolic":"class","decorators":[{"__symbolic":"call","expression":{"__symbolic":"reference","module":"@angular/core","name":"Pipe","line":153,"character":1},"arguments":[{"name":"currency"}]}],"members":{"__ctor__":[{"__symbolic":"constructor","parameterDecorators":[[{"__symbolic":"call","expression":{"__symbolic":"reference","module":"@angular/core","name":"Inject","line":155,"character":15},"arguments":[{"__symbolic":"reference","module":"@angular/core","name":"LOCALE_ID","line":155,"character":22}]}]],"parameters":[{"__symbolic":"reference","name":"string"}]}],"transform":[{"__symbolic":"method"}]}},"DeprecatedDecimalPipe":{"__symbolic":"class","decorators":[{"__symbolic":"call","expression":{"__symbolic":"reference","module":"@angular/core","name":"Pipe","line":87,"character":1},"arguments":[{"name":"number"}]}],"members":{"__ctor__":[{"__symbolic":"constructor","parameterDecorators":[[{"__symbolic":"call","expression":{"__symbolic":"reference","module":"@angular/core","name":"Inject","line":89,"character":15},"arguments":[{"__symbolic":"reference","module":"@angular/core","name":"LOCALE_ID","line":89,"character":22}]}]],"parameters":[{"__symbolic":"reference","name":"string"}]}],"transform":[{"__symbolic":"method"}]}},"DeprecatedPercentPipe":{"__symbolic":"class","decorators":[{"__symbolic":"call","expression":{"__symbolic":"reference","module":"@angular/core","name":"Pipe","line":117,"character":1},"arguments":[{"name":"percent"}]}],"members":{"__ctor__":[{"__symbolic":"constructor","parameterDecorators":[[{"__symbolic":"call","expression":{"__symbolic":"reference","module":"@angular/core","name":"Inject","line":119,"character":15},"arguments":[{"__symbolic":"reference","module":"@angular/core","name":"LOCALE_ID","line":119,"character":22}]}]],"parameters":[{"__symbolic":"reference","name":"string"}]}],"transform":[{"__symbolic":"method"}]}},"ɵPLATFORM_BROWSER_ID":"browser","ɵPLATFORM_SERVER_ID":"server","ɵPLATFORM_WORKER_APP_ID":"browserWorkerApp","ɵPLATFORM_WORKER_UI_ID":"browserWorkerUi","isPlatformBrowser":{"__symbolic":"function","parameters":["platformId"],"value":{"__symbolic":"binop","operator":"===","left":{"__symbolic":"reference","name":"platformId"},"right":"browser"}},"isPlatformServer":{"__symbolic":"function","parameters":["platformId"],"value":{"__symbolic":"binop","operator":"===","left":{"__symbolic":"reference","name":"platformId"},"right":"server"}},"isPlatformWorkerApp":{"__symbolic":"function","parameters":["platformId"],"value":{"__symbolic":"binop","operator":"===","left":{"__symbolic":"reference","name":"platformId"},"right":"browserWorkerApp"}},"isPlatformWorkerUi":{"__symbolic":"function","parameters":["platformId"],"value":{"__symbolic":"binop","operator":"===","left":{"__symbolic":"reference","name":"platformId"},"right":"browserWorkerUi"}},"VERSION":{"__symbolic":"new","expression":{"__symbolic":"reference","module":"@angular/core","name":"Version","line":19,"character":27},"arguments":["8.1.0"]},"ViewportScroller":{"__symbolic":"class","members":{"setOffset":[{"__symbolic":"method"}],"getScrollPosition":[{"__symbolic":"method"}],"scrollToPosition":[{"__symbolic":"method"}],"scrollToAnchor":[{"__symbolic":"method"}],"setHistoryScrollRestoration":[{"__symbolic":"method"}]},"statics":{"ngInjectableDef":{"__symbolic":"call","expression":{"__symbolic":"reference","module":"@angular/core","name":"ɵɵdefineInjectable","line":23,"character":27},"arguments":[{"__symbolic":"error","message":"Lambda not supported","line":26,"character":13,"module":"./common"}]}}},"ɵNullViewportScroller":{"__symbolic":"class","members":{"setOffset":[{"__symbolic":"method"}],"getScrollPosition":[{"__symbolic":"method"}],"scrollToPosition":[{"__symbolic":"method"}],"scrollToAnchor":[{"__symbolic":"method"}],"setHistoryScrollRestoration":[{"__symbolic":"method"}]}},"ɵNgClassImplProvider__POST_R3__":{"provide":{"__symbolic":"reference","name":"ɵNgClassImpl"},"useClass":{"__symbolic":"reference","name":"ɵangular_packages_common_common_f"}},"ɵNgClassR2Impl":{"__symbolic":"class","decorators":[{"__symbolic":"call","expression":{"__symbolic":"reference","module":"@angular/core","name":"Injectable","line":27,"character":1}}],"members":{"__ctor__":[{"__symbolic":"constructor","parameters":[{"__symbolic":"reference","module":"@angular/core","name":"IterableDiffers","line":38,"character":32},{"__symbolic":"reference","module":"@angular/core","name":"KeyValueDiffers","line":38,"character":75},{"__symbolic":"reference","module":"@angular/core","name":"ElementRef","line":39,"character":21},{"__symbolic":"reference","module":"@angular/core","name":"Renderer2","line":39,"character":52}]}],"getValue":[{"__symbolic":"method"}],"setClass":[{"__symbolic":"method"}],"setNgClass":[{"__symbolic":"method"}],"applyChanges":[{"__symbolic":"method"}],"_applyKeyValueChanges":[{"__symbolic":"method"}],"_applyIterableChanges":[{"__symbolic":"method"}],"_applyClasses":[{"__symbolic":"method"}],"_removeClasses":[{"__symbolic":"method"}],"_toggleClass":[{"__symbolic":"method"}]}},"ɵNgClassImpl":{"__symbolic":"class","members":{"setClass":[{"__symbolic":"method"}],"setNgClass":[{"__symbolic":"method"}],"applyChanges":[{"__symbolic":"method"}],"getValue":[{"__symbolic":"method"}]}},"ɵNgStyleImplProvider__POST_R3__":{"provide":{"__symbolic":"reference","name":"ɵNgStyleImpl"},"useClass":{"__symbolic":"reference","name":"ɵangular_packages_common_common_i"}},"ɵNgStyleR2Impl":{"__symbolic":"class","decorators":[{"__symbolic":"call","expression":{"__symbolic":"reference","module":"@angular/core","name":"Injectable","line":26,"character":1}}],"members":{"__ctor__":[{"__symbolic":"constructor","parameters":[{"__symbolic":"reference","module":"@angular/core","name":"ElementRef","line":34,"character":21},{"__symbolic":"reference","module":"@angular/core","name":"KeyValueDiffers","line":34,"character":51},{"__symbolic":"reference","module":"@angular/core","name":"Renderer2","line":34,"character":87}]}],"getValue":[{"__symbolic":"method"}],"setNgStyle":[{"__symbolic":"method"}],"applyChanges":[{"__symbolic":"method"}],"_applyChanges":[{"__symbolic":"method"}],"_setStyle":[{"__symbolic":"method"}]}},"ɵNgStyleImpl":{"__symbolic":"class","members":{"getValue":[{"__symbolic":"method"}],"setNgStyle":[{"__symbolic":"method"}],"applyChanges":[{"__symbolic":"method"}]}},"ɵngStyleDirectiveDef__POST_R3__":{"__symbolic":"call","expression":{"__symbolic":"reference","module":"@angular/core","name":"ɵɵdefineDirective","line":31,"character":46},"arguments":[{"__symbolic":"error","message":"Lambda not supported","line":32,"character":8,"module":"./common"}]},"ɵngClassDirectiveDef__POST_R3__":{"__symbolic":"call","expression":{"__symbolic":"reference","module":"@angular/core","name":"ɵɵdefineDirective","line":31,"character":46},"arguments":[{"__symbolic":"error","message":"Lambda not supported","line":32,"character":8,"module":"./common"}]},"ɵregisterLocaleData":{"__symbolic":"reference","name":"registerLocaleData"}},"origins":{"ɵangular_packages_common_common_a":"./common","ɵangular_packages_common_common_b":"./common","ɵangular_packages_common_common_c":"./common","ɵangular_packages_common_common_d":"./common","ɵangular_packages_common_common_e":"./common","ɵangular_packages_common_common_f":"./common","ɵangular_packages_common_common_g":"./common","ɵangular_packages_common_common_h":"./common","ɵangular_packages_common_common_i":"./common","ɵangular_packages_common_common_j":"./common","ɵangular_packages_common_common_k":"./common","PlatformLocation":"./common","LOCATION_INITIALIZED":"./common","LocationChangeEvent":"./common","LocationChangeListener":"./common","LocationStrategy":"./common","APP_BASE_HREF":"./common","HashLocationStrategy":"./common","PathLocationStrategy":"./common","PopStateEvent":"./common","Location":"./common","formatDate":"./common","formatCurrency":"./common","formatNumber":"./common","formatPercent":"./common","NgLocaleLocalization":"./common","NgLocalization":"./common","registerLocaleData":"./common","Plural":"./common","NumberFormatStyle":"./common","FormStyle":"./common","Time":"./common","TranslationWidth":"./common","FormatWidth":"./common","NumberSymbol":"./common","WeekDay":"./common","getNumberOfCurrencyDigits":"./common","getCurrencySymbol":"./common","getLocaleDayPeriods":"./common","getLocaleDayNames":"./common","getLocaleMonthNames":"./common","getLocaleId":"./common","getLocaleEraNames":"./common","getLocaleWeekEndRange":"./common","getLocaleFirstDayOfWeek":"./common","getLocaleDateFormat":"./common","getLocaleDateTimeFormat":"./common","getLocaleExtraDayPeriodRules":"./common","getLocaleExtraDayPeriods":"./common","getLocalePluralCase":"@angular/core","getLocaleTimeFormat":"./common","getLocaleNumberSymbol":"./common","getLocaleNumberFormat":"./common","getLocaleCurrencyName":"./common","getLocaleCurrencySymbol":"./common","ɵparseCookieValue":"./common","CommonModule":"./common","DeprecatedI18NPipesModule":"./common","NgClass":"./common","NgClassBase":"./common","NgForOf":"./common","NgForOfContext":"./common","NgIf":"./common","NgIfContext":"./common","NgPlural":"./common","NgPluralCase":"./common","NgStyle":"./common","NgStyleBase":"./common","NgSwitch":"./common","NgSwitchCase":"./common","NgSwitchDefault":"./common","NgTemplateOutlet":"./common","NgComponentOutlet":"./common","DOCUMENT":"./common","AsyncPipe":"./common","DatePipe":"./common","I18nPluralPipe":"./common","I18nSelectPipe":"./common","JsonPipe":"./common","LowerCasePipe":"./common","CurrencyPipe":"./common","DecimalPipe":"./common","PercentPipe":"./common","SlicePipe":"./common","UpperCasePipe":"./common","TitleCasePipe":"./common","KeyValuePipe":"./common","KeyValue":"./common","DeprecatedDatePipe":"./common","DeprecatedCurrencyPipe":"./common","DeprecatedDecimalPipe":"./common","DeprecatedPercentPipe":"./common","ɵPLATFORM_BROWSER_ID":"./common","ɵPLATFORM_SERVER_ID":"./common","ɵPLATFORM_WORKER_APP_ID":"./common","ɵPLATFORM_WORKER_UI_ID":"./common","isPlatformBrowser":"./common","isPlatformServer":"./common","isPlatformWorkerApp":"./common","isPlatformWorkerUi":"./common","VERSION":"./common","ViewportScroller":"./common","ɵNullViewportScroller":"./common","ɵNgClassImplProvider__POST_R3__":"./common","ɵNgClassR2Impl":"./common","ɵNgClassImpl":"./common","ɵNgStyleImplProvider__POST_R3__":"./common","ɵNgStyleR2Impl":"./common","ɵNgStyleImpl":"./common","ɵngStyleDirectiveDef__POST_R3__":"./common","ɵngClassDirectiveDef__POST_R3__":"./common","ɵregisterLocaleData":"./common"},"importAs":"@angular/common"}