[
  {
    "name": "nodejs",
    "version": "0.2.0",
    "date": "2011-08-26",
    "lts": false
  },
  {
    "name": "nodejs",
    "version": "0.3.0",
    "date": "2011-08-26",
    "lts": false
  },
  {
    "name": "nodejs",
    "version": "0.4.0",
    "date": "2011-08-26",
    "lts": false
  },
  {
    "name": "nodejs",
    "version": "0.5.0",
    "date": "2011-08-26",
    "lts": false
  },
  {
    "name": "nodejs",
    "version": "0.6.0",
    "date": "2011-11-04",
    "lts": false
  },
  {
    "name": "nodejs",
    "version": "0.7.0",
    "date": "2012-01-17",
    "lts": false
  },
  {
    "name": "nodejs",
    "version": "0.8.0",
    "date": "2012-06-22",
    "lts": false
  },
  {
    "name": "nodejs",
    "version": "0.9.0",
    "date": "2012-07-20",
    "lts": false
  },
  {
    "name": "nodejs",
    "version": "0.10.0",
    "date": "2013-03-11",
    "lts": false
  },
  {
    "name": "nodejs",
    "version": "0.11.0",
    "date": "2013-03-28",
    "lts": false
  },
  {
    "name": "nodejs",
    "version": "0.12.0",
    "date": "2015-02-06",
    "lts": false
  },
  {
    "name": "iojs",
    "version": "1.0.0",
    "date": "2015-01-14"
  },
  {
    "name": "iojs",
    "version": "1.1.0",
    "date": "2015-02-03"
  },
  {
    "name": "iojs",
    "version": "1.2.0",
    "date": "2015-02-11"
  },
  {
    "name": "iojs",
    "version": "1.3.0",
    "date": "2015-02-20"
  },
  {
    "name": "iojs",
    "version": "1.5.0",
    "date": "2015-03-06"
  },
  {
    "name": "iojs",
    "version": "1.6.0",
    "date": "2015-03-20"
  },
  {
    "name": "iojs",
    "version": "2.0.0",
    "date": "2015-05-04"
  },
  {
    "name": "iojs",
    "version": "2.1.0",
    "date": "2015-05-24"
  },
  {
    "name": "iojs",
    "version": "2.2.0",
    "date": "2015-06-01"
  },
  {
    "name": "iojs",
    "version": "2.3.0",
    "date": "2015-06-13"
  },
  {
    "name": "iojs",
    "version": "2.4.0",
    "date": "2015-07-17"
  },
  {
    "name": "iojs",
    "version": "2.5.0",
    "date": "2015-07-28"
  },
  {
    "name": "iojs",
    "version": "3.0.0",
    "date": "2015-08-04"
  },
  {
    "name": "iojs",
    "version": "3.1.0",
    "date": "2015-08-19"
  },
  {
    "name": "iojs",
    "version": "3.2.0",
    "date": "2015-08-25"
  },
  {
    "name": "iojs",
    "version": "3.3.0",
    "date": "2015-09-02"
  },
  {
    "name": "nodejs",
    "version": "4.0.0",
    "date": "2015-09-08",
    "lts": false
  },
  {
    "name": "nodejs",
    "version": "4.1.0",
    "date": "2015-09-17",
    "lts": false
  },
  {
    "name": "nodejs",
    "version": "4.2.0",
    "date": "2015-10-12",
    "lts": "Argon"
  },
  {
    "name": "nodejs",
    "version": "4.3.0",
    "date": "2016-02-09",
    "lts": "Argon"
  },
  {
    "name": "nodejs",
    "version": "4.4.0",
    "date": "2016-03-08",
    "lts": "Argon"
  },
  {
    "name": "nodejs",
    "version": "4.5.0",
    "date": "2016-08-16",
    "lts": "Argon"
  },
  {
    "name": "nodejs",
    "version": "4.6.0",
    "date": "2016-09-27",
    "lts": "Argon"
  },
  {
    "name": "nodejs",
    "version": "4.7.0",
    "date": "2016-12-06",
    "lts": "Argon"
  },
  {
    "name": "nodejs",
    "version": "4.8.0",
    "date": "2017-02-21",
    "lts": "Argon"
  },
  {
    "name": "nodejs",
    "version": "4.9.0",
    "date": "2018-03-28",
    "lts": "Argon"
  },
  {
    "name": "nodejs",
    "version": "5.0.0",
    "date": "2015-10-29",
    "lts": false
  },
  {
    "name": "nodejs",
    "version": "5.1.0",
    "date": "2015-11-17",
    "lts": false
  },
  {
    "name": "nodejs",
    "version": "5.2.0",
    "date": "2015-12-09",
    "lts": false
  },
  {
    "name": "nodejs",
    "version": "5.3.0",
    "date": "2015-12-15",
    "lts": false
  },
  {
    "name": "nodejs",
    "version": "5.4.0",
    "date": "2016-01-06",
    "lts": false
  },
  {
    "name": "nodejs",
    "version": "5.5.0",
    "date": "2016-01-21",
    "lts": false
  },
  {
    "name": "nodejs",
    "version": "5.6.0",
    "date": "2016-02-09",
    "lts": false
  },
  {
    "name": "nodejs",
    "version": "5.7.0",
    "date": "2016-02-23",
    "lts": false
  },
  {
    "name": "nodejs",
    "version": "5.8.0",
    "date": "2016-03-09",
    "lts": false
  },
  {
    "name": "nodejs",
    "version": "5.9.0",
    "date": "2016-03-16",
    "lts": false
  },
  {
    "name": "nodejs",
    "version": "5.10.0",
    "date": "2016-04-01",
    "lts": false
  },
  {
    "name": "nodejs",
    "version": "5.11.0",
    "date": "2016-04-21",
    "lts": false
  },
  {
    "name": "nodejs",
    "version": "5.12.0",
    "date": "2016-06-23",
    "lts": false
  },
  {
    "name": "nodejs",
    "version": "6.0.0",
    "date": "2016-04-26",
    "lts": false
  },
  {
    "name": "nodejs",
    "version": "6.1.0",
    "date": "2016-05-05",
    "lts": false
  },
  {
    "name": "nodejs",
    "version": "6.2.0",
    "date": "2016-05-17",
    "lts": false
  },
  {
    "name": "nodejs",
    "version": "6.3.0",
    "date": "2016-07-06",
    "lts": false
  },
  {
    "name": "nodejs",
    "version": "6.4.0",
    "date": "2016-08-12",
    "lts": false
  },
  {
    "name": "nodejs",
    "version": "6.5.0",
    "date": "2016-08-26",
    "lts": false
  },
  {
    "name": "nodejs",
    "version": "6.6.0",
    "date": "2016-09-14",
    "lts": false
  },
  {
    "name": "nodejs",
    "version": "6.7.0",
    "date": "2016-09-27",
    "lts": false
  },
  {
    "name": "nodejs",
    "version": "6.8.0",
    "date": "2016-10-12",
    "lts": false
  },
  {
    "name": "nodejs",
    "version": "6.9.0",
    "date": "2016-10-18",
    "lts": "Boron"
  },
  {
    "name": "nodejs",
    "version": "6.10.0",
    "date": "2017-02-21",
    "lts": "Boron"
  },
  {
    "name": "nodejs",
    "version": "6.11.0",
    "date": "2017-06-06",
    "lts": "Boron"
  },
  {
    "name": "nodejs",
    "version": "6.12.0",
    "date": "2017-11-06",
    "lts": "Boron"
  },
  {
    "name": "nodejs",
    "version": "6.13.0",
    "date": "2018-02-10",
    "lts": "Boron"
  },
  {
    "name": "nodejs",
    "version": "6.14.0",
    "date": "2018-03-28",
    "lts": "Boron"
  },
  {
    "name": "nodejs",
    "version": "6.15.0",
    "date": "2018-11-27",
    "lts": "Boron"
  },
  {
    "name": "nodejs",
    "version": "6.16.0",
    "date": "2018-12-26",
    "lts": "Boron"
  },
  {
    "name": "nodejs",
    "version": "6.17.0",
    "date": "2019-02-28",
    "lts": "Boron"
  },
  {
    "name": "nodejs",
    "version": "7.0.0",
    "date": "2016-10-25",
    "lts": false
  },
  {
    "name": "nodejs",
    "version": "7.1.0",
    "date": "2016-11-08",
    "lts": false
  },
  {
    "name": "nodejs",
    "version": "7.2.0",
    "date": "2016-11-22",
    "lts": false
  },
  {
    "name": "nodejs",
    "version": "7.3.0",
    "date": "2016-12-20",
    "lts": false
  },
  {
    "name": "nodejs",
    "version": "7.4.0",
    "date": "2017-01-04",
    "lts": false
  },
  {
    "name": "nodejs",
    "version": "7.5.0",
    "date": "2017-01-31",
    "lts": false
  },
  {
    "name": "nodejs",
    "version": "7.6.0",
    "date": "2017-02-21",
    "lts": false
  },
  {
    "name": "nodejs",
    "version": "7.7.0",
    "date": "2017-02-28",
    "lts": false
  },
  {
    "name": "nodejs",
    "version": "7.8.0",
    "date": "2017-03-29",
    "lts": false
  },
  {
    "name": "nodejs",
    "version": "7.9.0",
    "date": "2017-04-11",
    "lts": false
  },
  {
    "name": "nodejs",
    "version": "7.10.0",
    "date": "2017-05-02",
    "lts": false
  },
  {
    "name": "nodejs",
    "version": "8.0.0",
    "date": "2017-05-30",
    "lts": false
  },
  {
    "name": "nodejs",
    "version": "8.1.0",
    "date": "2017-06-08",
    "lts": false
  },
  {
    "name": "nodejs",
    "version": "8.2.0",
    "date": "2017-07-19",
    "lts": false
  },
  {
    "name": "nodejs",
    "version": "8.3.0",
    "date": "2017-08-08",
    "lts": false
  },
  {
    "name": "nodejs",
    "version": "8.4.0",
    "date": "2017-08-15",
    "lts": false
  },
  {
    "name": "nodejs",
    "version": "8.5.0",
    "date": "2017-09-12",
    "lts": false
  },
  {
    "name": "nodejs",
    "version": "8.6.0",
    "date": "2017-09-26",
    "lts": false
  },
  {
    "name": "nodejs",
    "version": "8.7.0",
    "date": "2017-10-11",
    "lts": false
  },
  {
    "name": "nodejs",
    "version": "8.8.0",
    "date": "2017-10-24",
    "lts": false
  },
  {
    "name": "nodejs",
    "version": "8.9.0",
    "date": "2017-10-31",
    "lts": "Carbon"
  },
  {
    "name": "nodejs",
    "version": "8.10.0",
    "date": "2018-03-06",
    "lts": "Carbon"
  },
  {
    "name": "nodejs",
    "version": "8.11.0",
    "date": "2018-03-28",
    "lts": "Carbon"
  },
  {
    "name": "nodejs",
    "version": "8.12.0",
    "date": "2018-09-10",
    "lts": "Carbon"
  },
  {
    "name": "nodejs",
    "version": "8.13.0",
    "date": "2018-11-20",
    "lts": "Carbon"
  },
  {
    "name": "nodejs",
    "version": "8.14.0",
    "date": "2018-11-27",
    "lts": "Carbon"
  },
  {
    "name": "nodejs",
    "version": "8.15.0",
    "date": "2018-12-26",
    "lts": "Carbon"
  },
  {
    "name": "nodejs",
    "version": "8.16.0",
    "date": "2019-04-16",
    "lts": "Carbon"
  },
  {
    "name": "nodejs",
    "version": "9.0.0",
    "date": "2017-10-31",
    "lts": false
  },
  {
    "name": "nodejs",
    "version": "9.1.0",
    "date": "2017-11-07",
    "lts": false
  },
  {
    "name": "nodejs",
    "version": "9.2.0",
    "date": "2017-11-14",
    "lts": false
  },
  {
    "name": "nodejs",
    "version": "9.3.0",
    "date": "2017-12-12",
    "lts": false
  },
  {
    "name": "nodejs",
    "version": "9.4.0",
    "date": "2018-01-10",
    "lts": false
  },
  {
    "name": "nodejs",
    "version": "9.5.0",
    "date": "2018-01-31",
    "lts": false
  },
  {
    "name": "nodejs",
    "version": "9.6.0",
    "date": "2018-02-21",
    "lts": false
  },
  {
    "name": "nodejs",
    "version": "9.7.0",
    "date": "2018-03-01",
    "lts": false
  },
  {
    "name": "nodejs",
    "version": "9.8.0",
    "date": "2018-03-07",
    "lts": false
  },
  {
    "name": "nodejs",
    "version": "9.9.0",
    "date": "2018-03-21",
    "lts": false
  },
  {
    "name": "nodejs",
    "version": "9.10.0",
    "date": "2018-03-28",
    "lts": false
  },
  {
    "name": "nodejs",
    "version": "9.11.0",
    "date": "2018-04-04",
    "lts": false
  },
  {
    "name": "nodejs",
    "version": "10.0.0",
    "date": "2018-04-24",
    "lts": false
  },
  {
    "name": "nodejs",
    "version": "10.1.0",
    "date": "2018-05-08",
    "lts": false
  },
  {
    "name": "nodejs",
    "version": "10.2.0",
    "date": "2018-05-23",
    "lts": false
  },
  {
    "name": "nodejs",
    "version": "10.3.0",
    "date": "2018-05-29",
    "lts": false
  },
  {
    "name": "nodejs",
    "version": "10.4.0",
    "date": "2018-06-06",
    "lts": false
  },
  {
    "name": "nodejs",
    "version": "10.5.0",
    "date": "2018-06-20",
    "lts": false
  },
  {
    "name": "nodejs",
    "version": "10.6.0",
    "date": "2018-07-04",
    "lts": false
  },
  {
    "name": "nodejs",
    "version": "10.7.0",
    "date": "2018-07-18",
    "lts": false
  },
  {
    "name": "nodejs",
    "version": "10.8.0",
    "date": "2018-08-01",
    "lts": false
  },
  {
    "name": "nodejs",
    "version": "10.9.0",
    "date": "2018-08-15",
    "lts": false
  },
  {
    "name": "nodejs",
    "version": "10.10.0",
    "date": "2018-09-06",
    "lts": false
  },
  {
    "name": "nodejs",
    "version": "10.11.0",
    "date": "2018-09-19",
    "lts": false
  },
  {
    "name": "nodejs",
    "version": "10.12.0",
    "date": "2018-10-10",
    "lts": false
  },
  {
    "name": "nodejs",
    "version": "10.13.0",
    "date": "2018-10-30",
    "lts": "Dubnium"
  },
  {
    "name": "nodejs",
    "version": "10.14.0",
    "date": "2018-11-27",
    "lts": "Dubnium"
  },
  {
    "name": "nodejs",
    "version": "10.15.0",
    "date": "2018-12-26",
    "lts": "Dubnium"
  },
  {
    "name": "nodejs",
    "version": "10.16.0",
    "date": "2019-05-28",
    "lts": "Dubnium"
  },
  {
    "name": "nodejs",
    "version": "11.0.0",
    "date": "2018-10-23",
    "lts": false
  },
  {
    "name": "nodejs",
    "version": "11.1.0",
    "date": "2018-10-30",
    "lts": false
  },
  {
    "name": "nodejs",
    "version": "11.2.0",
    "date": "2018-11-15",
    "lts": false
  },
  {
    "name": "nodejs",
    "version": "11.3.0",
    "date": "2018-11-27",
    "lts": false
  },
  {
    "name": "nodejs",
    "version": "11.4.0",
    "date": "2018-12-07",
    "lts": false
  },
  {
    "name": "nodejs",
    "version": "11.5.0",
    "date": "2018-12-18",
    "lts": false
  },
  {
    "name": "nodejs",
    "version": "11.6.0",
    "date": "2018-12-26",
    "lts": false
  },
  {
    "name": "nodejs",
    "version": "11.7.0",
    "date": "2019-01-17",
    "lts": false
  },
  {
    "name": "nodejs",
    "version": "11.8.0",
    "date": "2019-01-24",
    "lts": false
  },
  {
    "name": "nodejs",
    "version": "11.9.0",
    "date": "2019-01-30",
    "lts": false
  },
  {
    "name": "nodejs",
    "version": "11.10.0",
    "date": "2019-02-14",
    "lts": false
  },
  {
    "name": "nodejs",
    "version": "11.11.0",
    "date": "2019-03-05",
    "lts": false
  },
  {
    "name": "nodejs",
    "version": "11.12.0",
    "date": "2019-03-14",
    "lts": false
  },
  {
    "name": "nodejs",
    "version": "11.13.0",
    "date": "2019-03-28",
    "lts": false
  },
  {
    "name": "nodejs",
    "version": "11.14.0",
    "date": "2019-04-10",
    "lts": false
  },
  {
    "name": "nodejs",
    "version": "11.15.0",
    "date": "2019-04-30",
    "lts": false
  },
  {
    "name": "nodejs",
    "version": "12.0.0",
    "date": "2019-04-23",
    "lts": false
  },
  {
    "name": "nodejs",
    "version": "12.1.0",
    "date": "2019-04-29",
    "lts": false
  },
  {
    "name": "nodejs",
    "version": "12.2.0",
    "date": "2019-05-07",
    "lts": false
  },
  {
    "name": "nodejs",
    "version": "12.3.0",
    "date": "2019-05-21",
    "lts": false
  },
  {
    "name": "nodejs",
    "version": "12.4.0",
    "date": "2019-06-04",
    "lts": false
  },
  {
    "name": "nodejs",
    "version": "12.5.0",
    "date": "2019-06-26",
    "lts": false
  }
]